Node;Closeness Centrality
2;0.6956521739130435
6;0.5925925925925926
8;0.5714285714285714
3;0.45714285714285713
1;0.42105263157894735
9;0.42105263157894735
10;0.42105263157894735
