Node;Core Influence
6;0.44721359549995826
2;0.44721359549995743
8;0.2981423969999721
3;0.2981423969999718
5;0.2981423969999718
4;0.29814239699997164
12;0.14907119849998646
