Node;Core Strength
14;0.14907119849998568
17;0.1490711984999858
15;0.14907119849998582
16;0.149071198499986
13;0.14907119849998607
10;0.14907119849998618
7;0.14907119849998623
