Node;Betweeness Centrality
2;0.7
6;0.35
8;0.35
3;0.075
5;0.041666666666666664
4;0.008333333333333333
1;0.0
