Node;Degree Centrality
4;0.35555555555555557
15;0.37209302325581395
16;0.37209302325581395
17;0.37209302325581395
7;0.38095238095238093
14;0.38095238095238093
5;0.41025641025641024
