Node;Closenss Centrality
2;0.0
4;0.0
23;0.0
32;0.0
35;0.0
39;0.0
47;0.0
57;0.0
58;0.0
59;0.0
60;0.0
61;0.0
63;0.0
64;0.0
65;0.0
66;0.0
67;0.0
68;0.0
69;0.0
6;0.0004389815627743635
17;0.0004389815627743635
28;0.0004389815627743635
29;0.0004389815627743635
52;0.0004389815627743635
55;0.0004389815627743635
27;0.0008047995317529996
7;0.0012437810945273632
50;0.001434006438396254
51;0.0028533801580333624
15;0.0030728709394205445
13;0.0035850160959906346
