Node;Degree Centrality
18;0.23853211009174313
14;0.24299065420560748
3;0.2826086956521739
10;0.28888888888888886
17;0.28888888888888886
9;0.29545454545454547
12;0.29545454545454547
6;0.3466666666666667
20;0.3466666666666667
7;0.35135135135135137
2;0.3561643835616438
5;0.3561643835616438
