Node;Core Influence
8;0.46980923864981694
1;0.4698092386498159
15;0.4026936331284141
7;0.201346816564207
4;0.20134681656420647
18;0.13423121104280772
14;0.1342312110428077
17;0.13423121104280744
12;0.13423121104280694
19;0.13423121104280625
13;0.134231211042806
5;0.1342312110428047
