Node;Betweeness Centrality
2;0.038461538461538464
20;0.038461538461538464
24;0.038461538461538464
25;0.038461538461538464
26;0.038461538461538464
27;0.038461538461538464
3;0.07692307692307693
5;0.07692307692307693
6;0.07692307692307693
9;0.07692307692307693
10;0.07692307692307693
11;0.07692307692307693
