Node;Betweeness Centrality
1;0.5338461538461539
15;0.45692307692307693
8;0.3194871794871795
13;0.13435897435897434
19;0.12717948717948718
4;0.10512820512820512
12;0.07589743589743589
11;0.07076923076923076
17;0.06871794871794872
5;0.03333333333333333
14;0.022564102564102562
18;0.018974358974358976
