Node;Closeness Centrality
1;0.5416666666666666
15;0.52
8;0.5
22;0.40625
21;0.3880597014925373
23;0.3880597014925373
4;0.37681159420289856
11;0.37681159420289856
13;0.37681159420289856
16;0.37142857142857144
19;0.36619718309859156
2;0.3561643835616438
