Node;Closenss Centrality
2;0.0
6;0.0
20;0.0
21;0.0
22;0.0
23;0.0
24;0.0
25;0.0
26;0.0
27;0.0
3;0.0041025641025641026
7;0.00923076923076923
