Node;Core Strength
4;0.11867816581938516
12;0.11867816581938523
14;0.11867816581938523
11;0.11867816581938526
5;0.11867816581938535
13;0.11867816581938544
