Node;Betweeness Centrality
2;0.07692307692307693
4;0.07692307692307693
5;0.07692307692307693
11;0.07692307692307693
12;0.07692307692307693
13;0.07692307692307693
