Node;Degree Centrality
13;0.3939393939393939
4;0.40625
14;0.40625
8;0.41935483870967744
2;0.43333333333333335
5;0.43333333333333335
