Node;Closeness Centrality
1;0.7222222222222222
3;0.65
9;0.6190476190476191
6;0.5
10;0.48148148148148145
2;0.43333333333333335
