Node;Core Influence
9;0.4747126632775414
3;0.47471266327754136
1;0.47471266327754125
8;0.23735633163877098
10;0.23735633163877076
7;0.23735633163877073
