Node;Degree Centrality
1;0.6153846153846154
3;0.46153846153846156
9;0.38461538461538464
6;0.15384615384615385
7;0.15384615384615385
8;0.15384615384615385
