Node;Betweeness Centrality
1;0.5918803418803419
3;0.41452991452991444
9;0.2863247863247863
7;0.023504273504273504
8;0.017094017094017092
2;0.0
