Node;Degree Centrality
17;0.22794117647058823
18;0.2540983606557377
29;0.2672413793103448
19;0.2767857142857143
30;0.29523809523809524
4;0.31958762886597936
6;0.31958762886597936
7;0.31958762886597936
9;0.31958762886597936
12;0.31958762886597936
13;0.31958762886597936
14;0.31958762886597936
15;0.31958762886597936
20;0.3229166666666667
