Node;Core Influence
1;0.5204834387696163
10;0.4048204523763681
16;0.346988959179745
3;0.2313259727864961
24;0.23132597278649608
23;0.17349447958987213
31;0.1734944795898721
25;0.17349447958987174
20;0.17349447958987144
14;0.11566298639324851
15;0.11566298639324848
26;0.11566298639324832
28;0.11566298639324825
8;0.11566298639324811
