Node;Betweeness Centrality
1;0.5512544802867383
3;0.3698924731182795
16;0.29175627240143376
10;0.23691756272401435
24;0.12365591397849464
21;0.10501792114695338
20;0.07849462365591398
31;0.07096774193548387
28;0.04946236559139785
19;0.04659498207885304
27;0.03942652329749104
25;0.02652329749103943
18;0.021863799283154118
30;0.012903225806451613
