Node;Closeness Centrality
1;0.5636363636363636
10;0.5
3;0.4626865671641791
16;0.45588235294117646
11;0.4025974025974026
21;0.3974358974358974
27;0.3974358974358974
31;0.3974358974358974
23;0.3875
8;0.36904761904761907
22;0.36904761904761907
2;0.36470588235294116
5;0.36470588235294116
32;0.36470588235294116
