Node;Core Influence
1;0.560112033611204
5;0.4200840252084029
6;0.42008402520840277
4;0.280056016805602
