Node;Degree Centrality
1;0.9
5;0.30000000000000004
6;0.30000000000000004
4;0.2
7;0.2
8;0.2
2;0.1
3;0.1
9;0.1
10;0.1
11;0.1
