Node;Betweenness Centrality
1;0.8592592592592593
6;0.10370370370370371
8;0.07407407407407408
5;0.018518518518518517
7;0.011111111111111112
2;0.0
3;0.0
4;0.0
9;0.0
10;0.0
11;0.0
