Node;Core Strength
10;0.140028008402801
2;0.14002800840280102
9;0.14002800840280108
3;0.1400280084028011
