Node;Degree Centrality
1;0.9
5;0.30000000000000004
6;0.30000000000000004
4;0.2
