Node;Betweeness Centrality
1;0.8592592592592593
6;0.10370370370370371
8;0.07407407407407408
5;0.018518518518518517
