Node;Closeness Centrality
1;0.9090909090909091
5;0.5882352941176471
6;0.5882352941176471
8;0.5555555555555556
