Node;Betweeness Centrality
1;0.8809523809523809
5;0.11904761904761904
6;0.11904761904761904
