Node;Betweeness Centrality
2;0.14285714285714285
3;0.14285714285714285
7;0.14285714285714285
