Node;Degree Centrality
1;0.8571428571428571
4;0.2857142857142857
5;0.2857142857142857
