Node;Core Influences
6;0.44721359549995804
4;0.447213595499958
1;0.44721359549995776
5;0.44721359549995776
8;0.22360679774997924
3;0.2236067977499792
2;0.22360679774997913
7;0.22360679774997888
