Node;Core Influence
4;0.44721359549995804
6;0.4472135954999579
1;0.4472135954999576
