Node;Core Influences
7;0.22360679774997888
2;0.22360679774997913
3;0.2236067977499792
8;0.22360679774997924
1;0.44721359549995776
5;0.44721359549995776
4;0.447213595499958
6;0.44721359549995804
