Node;Closeness Centrality
1;0.875
5;0.5833333333333334
6;0.5833333333333334
