Node;Core Strength
7;0.22360679774997907
2;0.2236067977499794
3;0.22360679774997952
