Node;Betweenness Centrality
1;0.8809523809523809
5;0.11904761904761904
6;0.11904761904761904
4;0.023809523809523808
2;0.0
3;0.0
7;0.0
8;0.0
