graph,strategy,steps,AUC_aG,AUC_e0_mult,AUC_e1_mult,AUC_CIS,Delta_aG_vs_random,Delta_e0_mult_vs_random,Delta_e1_mult_vs_random,Delta_CIS_vs_random
cpt,betweeness,68,0.00115,21.11765,2.0,1.34118,-0.00197,10.36765,-3.41176,-0.93295
cpt,closeness,68,0.00115,11.05882,2.10294,1.54975,-0.00197,0.30882,-3.30882,-0.72437
cpt,core influence,68,0.00115,20.48529,2.97059,1.50005,-0.00197,9.73529,-2.44118,-0.77407
cpt,degree,68,0.00115,21.10294,2.5,1.46691,-0.00197,10.35294,-2.91176,-0.80721
cpt,random,68,0.00312,10.75,5.41176,2.27412,0.0,0.0,0.0,0.0
