graph,strategy,steps,AUC_aG,AUC_e0_mult,AUC_e1_mult,AUC_CIS,Delta_aG_vs_random,Delta_e0_mult_vs_random,Delta_e1_mult_vs_random,Delta_CIS_vs_random
els,betweeness,13,0.09841,4.38462,0.38462,1.69231,-0.0,2.30769,-0.07692,-0.11538
els,closeness,13,0.09841,2.92308,0.69231,1.84615,-0.0,0.84615,0.23077,0.03846
els,core influence,13,0.09841,4.07692,0.30769,1.61538,-0.0,2.0,-0.15385,-0.19231
els,degree,13,0.09841,4.30769,0.30769,1.61538,-0.0,2.23077,-0.15385,-0.19231
els,random,13,0.09841,2.07692,0.46154,1.80769,0.0,0.0,0.0,0.0
