graph,strategy,steps,AUC_aG,AUC_e0_mult,AUC_e1_mult,AUC_CIS,Delta_aG_vs_random,Delta_e0_mult_vs_random,Delta_e1_mult_vs_random,Delta_CIS_vs_random
els,betweeness,13,0.0476,5.69231,0.61538,1.25641,-0.05082,1.84615,-0.84615,-0.9359
els,closeness,13,0.0476,5.15385,0.61538,1.25641,-0.05082,1.30769,-0.84615,-0.9359
els,core influence,13,0.0476,5.30769,0.61538,1.23077,-0.05082,1.46154,-0.84615,-0.96154
els,degree,13,0.0476,5.61538,0.61538,1.25641,-0.05082,1.76923,-0.84615,-0.9359
els,random,13,0.09843,3.84615,1.46154,2.19231,0.0,0.0,0.0,0.0
