graph,strategy,steps,AUC_aG,AUC_e0_mult,AUC_e1_mult,AUC_CIS,Delta_aG_vs_random,Delta_e0_mult_vs_random,Delta_e1_mult_vs_random,Delta_CIS_vs_random
els,betweeness,13,0.0618,4.84615,0.23077,1.34615,-0.60741,3.69231,-0.61538,-1.76923
els,closeness,13,0.0618,4.15385,0.23077,1.34615,-0.60741,3.0,-0.61538,-1.76923
els,core influence,13,0.0618,4.30769,0.23077,1.34615,-0.60741,3.15385,-0.61538,-1.76923
els,degree,13,0.0618,4.38462,0.23077,1.34615,-0.60741,3.23077,-0.61538,-1.76923
els,random,13,0.66921,1.15385,0.84615,3.11538,0.0,0.0,0.0,0.0
