graph,strategy,steps,AUC_aG,AUC_e0_mult,AUC_e1_mult,AUC_CIS,Delta_aG_vs_random,Delta_e0_mult_vs_random,Delta_e1_mult_vs_random,Delta_CIS_vs_random
els,betweeness,13,0.053,5.30769,0.38462,1.39744,-0.09917,2.23077,-0.46154,-0.66667
els,closeness,13,0.053,4.69231,0.38462,1.39744,-0.09917,1.61538,-0.46154,-0.66667
els,core influence,13,0.053,5.0,0.38462,1.39744,-0.09917,1.92308,-0.46154,-0.66667
els,degree,13,0.053,5.23077,0.38462,1.39744,-0.09917,2.15385,-0.46154,-0.66667
els,random,13,0.15217,3.07692,0.84615,2.0641,0.0,0.0,0.0,0.0
