graph,strategy,steps,AUC_aG,AUC_e0_mult,AUC_e1_mult,AUC_CIS,Delta_aG_vs_random,Delta_e0_mult_vs_random,Delta_e1_mult_vs_random,Delta_CIS_vs_random
vdp,betweeness,7,0.13088,3.42857,0.71429,1.71429,-1.13552,2.28571,0.14286,-0.42857
vdp,closeness,7,0.13088,3.0,1.0,2.0,-1.13552,1.85714,0.42857,-0.14286
vdp,core influence,7,0.27373,3.14286,1.0,2.0,-0.99266,2.0,0.42857,-0.14286
vdp,degree,7,0.13088,3.42857,0.71429,1.71429,-1.13552,2.28571,0.14286,-0.42857
vdp,random,7,1.26639,1.14286,0.57143,2.14286,0.0,0.0,0.0,0.0
