graph,strategy,steps,AUC_aG,AUC_e0_mult,AUC_e1_mult,AUC_CIS,Delta_aG_vs_random,Delta_e0_mult_vs_random,Delta_e1_mult_vs_random,Delta_CIS_vs_random
vdp,betweeness,7,0.42857,3.14286,0.71429,2.28571,-1.14286,2.14286,-0.14286,-0.85714
vdp,closeness,7,0.42857,3.14286,0.71429,2.28571,-1.14286,2.14286,-0.14286,-0.85714
vdp,core influence,7,0.42857,3.14286,0.71429,2.28571,-1.14286,2.14286,-0.14286,-0.85714
vdp,degree,7,0.42857,3.14286,0.71429,2.28571,-1.14286,2.14286,-0.14286,-0.85714
vdp,random,7,1.57143,1.0,0.85714,3.14286,0.0,0.0,0.0,0.0
