graph,strategy,steps,AUC_aG,AUC_e0_mult,AUC_e1_mult,AUC_CIS,Delta_aG_vs_random,Delta_e0_mult_vs_random,Delta_e1_mult_vs_random,Delta_CIS_vs_random
els,betweeness,13,0.05265,5.84615,0.69231,1.5,-0.56124,4.69231,-0.23077,-1.65385
els,closeness,13,0.05265,5.46154,0.69231,1.5,-0.56124,4.30769,-0.23077,-1.65385
els,core influence,13,0.05265,5.76923,0.69231,1.5,-0.56124,4.61538,-0.23077,-1.65385
els,degree,13,0.05265,5.61538,0.69231,1.5,-0.56124,4.46154,-0.23077,-1.65385
els,random,13,0.61389,1.15385,0.92308,3.15385,0.0,0.0,0.0,0.0
