graph,strategy,steps,AUC_aG,AUC_e0_mult,AUC_e1_mult,AUC_CIS,Delta_aG_vs_random,Delta_e0_mult_vs_random,Delta_e1_mult_vs_random,Delta_CIS_vs_random
els,betweeness,13,0.05265,5.84615,0.69231,1.57692,0.0,2.46154,-1.38462,-0.65385
els,closeness,13,0.05265,5.38462,0.69231,1.57692,0.0,2.0,-1.38462,-0.65385
els,core influence,13,0.05265,5.53846,0.69231,1.57692,0.0,2.15385,-1.38462,-0.65385
els,degree,13,0.05265,5.53846,0.69231,1.57692,0.0,2.15385,-1.38462,-0.65385
els,random,13,0.05265,3.38462,2.07692,2.23077,0.0,0.0,0.0,0.0
