graph,strategy,steps,AUC_aG,AUC_e0_mult,AUC_e1_mult,AUC_CIS,Delta_aG_vs_random,Delta_e0_mult_vs_random,Delta_e1_mult_vs_random,Delta_CIS_vs_random
jnb,betweeness,31,0.01428,10.35484,0.96774,1.62903,-0.06221,7.6129,-1.48387,-1.23118
jnb,closeness,31,0.01428,6.90323,1.35484,1.82258,-0.06221,4.16129,-1.09677,-1.03763
jnb,core influence,31,0.01428,11.54839,0.87097,1.43548,-0.06221,8.80645,-1.58065,-1.42473
jnb,degree,31,0.01428,11.58065,0.48387,1.54301,-0.06221,8.83871,-1.96774,-1.3172
jnb,random,31,0.0765,2.74194,2.45161,2.86022,0.0,0.0,0.0,0.0
