graph,strategy,steps,AUC_aG,AUC_e0_mult,AUC_e1_mult,AUC_CIS,Delta_aG_vs_random,Delta_e0_mult_vs_random,Delta_e1_mult_vs_random,Delta_CIS_vs_random
jnb,betweeness,31,0.01778,9.48387,0.93548,1.44624,-0.07036,6.83871,-1.67742,-2.1129
jnb,closeness,31,0.01778,6.41935,0.96774,1.84946,-0.07036,3.77419,-1.64516,-1.70968
jnb,core influence,31,0.01778,10.96774,0.58065,1.48387,-0.07036,8.32258,-2.03226,-2.07527
jnb,degree,31,0.01778,11.09677,0.35484,1.49462,-0.07036,8.45161,-2.25806,-2.06452
jnb,random,31,0.08814,2.64516,2.6129,3.55914,0.0,0.0,0.0,0.0
