graph,strategy,steps,AUC_aG,AUC_e0_mult,AUC_e1_mult,AUC_CIS,Delta_aG_vs_random,Delta_e0_mult_vs_random,Delta_e1_mult_vs_random,Delta_CIS_vs_random
jnb,betweeness,31,0.01754,10.19355,1.06452,1.48387,-0.06977,4.90323,-1.03226,-1.10753
jnb,closeness,31,0.01754,7.03226,1.12903,1.63441,-0.06977,1.74194,-0.96774,-0.95699
jnb,core influence,31,0.01754,11.41935,0.74194,1.44624,-0.06977,6.12903,-1.35484,-1.14516
jnb,degree,31,0.01754,11.51613,0.45161,1.48925,-0.06977,6.22581,-1.64516,-1.10215
jnb,random,31,0.08731,5.29032,2.09677,2.5914,0.0,0.0,0.0,0.0
