graph,strategy,steps,AUC_aG,AUC_e0_mult,AUC_e1_mult,AUC_CIS,Delta_aG_vs_random,Delta_e0_mult_vs_random,Delta_e1_mult_vs_random,Delta_CIS_vs_random
bfn,betweeness,16,0.03061,6.875,0.875,1.3125,-0.05117,1.6875,-0.625,-0.17708
bfn,closeness,16,0.03061,6.1875,0.8125,1.28125,-0.05117,1.0,-0.6875,-0.20833
bfn,core influence,16,0.03061,6.8125,1.0625,1.375,-0.05117,1.625,-0.4375,-0.11458
bfn,degree,16,0.03061,7.0,0.8125,1.3125,-0.05117,1.8125,-0.6875,-0.17708
bfn,random,16,0.08178,5.1875,1.5,1.48958,0.0,0.0,0.0,0.0
