removed,remaining,aG,e1_mult,e0_mult,CIS,strategy
1,17,0.387319351243301,8,1,2.0,degree
2,16,-1.17978817773144e-16,3,7,4.0,degree
3,15,-3.742048512559673e-17,3,10,2.5,degree
4,14,0.0,1,12,1.5,degree
5,13,0.0,0,12,1.0,degree
6,12,0.0,0,12,1.0,degree
7,11,0.0,0,11,1.0,degree
8,10,0.0,0,10,1.0,degree
9,9,0.0,0,9,1.0,degree
10,8,0.0,0,8,1.0,degree
11,7,0.0,0,7,1.0,degree
12,6,0.0,0,6,1.0,degree
13,5,0.0,0,5,1.0,degree
14,4,0.0,0,4,1.0,degree
15,3,0.0,0,3,1.0,degree
16,2,0.0,0,2,1.0,degree
