node_id,removed,remaining,aG,e1_mult,e0_mult,CIS,strategy
9,1,14,0.5340408632573866,5,1,3.0,random
12,2,13,6.126812245159782e-16,5,2,1.0,random
4,3,12,3.6391358108909055e-16,4,2,1.25,random
3,4,11,0.0,3,2,1.5,random
7,5,10,0.0,4,4,5.0,random
5,6,9,-6.883382752675973e-17,4,4,5.0,random
8,7,8,0.0,3,4,4.0,random
1,8,7,0.0,3,3,4.0,random
2,9,6,0.0,0,6,1.0,random
10,10,5,0.0,0,5,1.0,random
14,11,4,0.0,0,4,1.0,random
11,12,3,0.0,0,3,1.0,random
6,13,2,0.0,0,2,1.0,random
