removed,remaining,aG,e1_mult,e0_mult,CIS,strategy
1,14,0.5340408632573866,5,1,3.0,random
2,13,6.126812245159782e-16,5,2,1.0,random
3,12,0.30023033990362946,5,1,1.0,random
4,11,0.3161271982607051,4,1,1.0,random
5,10,0.0,2,5,4.0,random
6,9,0.0,2,4,4.0,random
7,8,0.0,1,4,3.0,random
8,7,0.0,1,3,3.0,random
9,6,0.0,1,2,3.0,random
10,5,0.0,0,2,2.0,random
11,4,0.0,1,2,2.0,random
12,3,0.0,0,2,1.0,random
13,2,0.0,0,2,1.0,random
