graph,strategy,steps,AUC_aG,AUC_e0_mult,AUC_e1_mult,AUC_CIS,Delta_aG_vs_random,Delta_e0_mult_vs_random,Delta_e1_mult_vs_random,Delta_CIS_vs_random
els.tgf,betweeness,13,0.04108,6.0,0.76923,1.26923,-0.04394,3.0,-0.92308,-0.23077
els.tgf,closeness,13,0.04108,5.69231,0.76923,1.26923,-0.04394,2.69231,-0.92308,-0.23077
els.tgf,core influence,13,0.04108,5.53846,1.15385,1.28205,-0.04394,2.53846,-0.53846,-0.21795
els.tgf,degree,13,0.04108,5.92308,0.76923,1.26923,-0.04394,2.92308,-0.92308,-0.23077
els.tgf,random,13,0.08502,3.0,1.69231,1.5,0.0,0.0,0.0,0.0
