graph,strategy,steps,AUC_aG,AUC_e0_mult,AUC_e1_mult,AUC_CIS,Delta_aG_vs_random,Delta_e0_mult_vs_random,Delta_e1_mult_vs_random,Delta_CIS_vs_random
jnb.tgf,betweeness,31,0.00721,11.19355,0.6129,1.3172,-0.04174,6.09677,-2.0,-1.46667
jnb.tgf,closeness,31,0.07173,8.29032,1.51613,1.63441,0.02277,3.19355,-1.09677,-1.14946
jnb.tgf,core influence,31,0.00721,10.67742,1.48387,1.44624,-0.04174,5.58065,-1.12903,-1.33763
jnb.tgf,degree,31,0.00721,11.35484,1.09677,1.55376,-0.04174,6.25806,-1.51613,-1.23011
jnb.tgf,random,31,0.04895,5.09677,2.6129,2.78387,0.0,0.0,0.0,0.0
