removed,remaining,aG,e1_mult,e0_mult,CIS,strategy
1,11,0.77546617721373,4,1,2.5,random
2,10,0.7909180958612188,3,1,3.0,random
3,9,0.7703301888613089,3,1,2.0,random
4,8,0.7931222928450351,2,1,2.0,random
5,7,0.8265991849765684,1,1,2.0,random
6,6,0.9999999999999999,3,1,1.0,random
7,5,0.9999999999999999,2,1,1.0,random
8,4,1.0,2,1,3.0,random
9,3,1.0,1,1,2.0,random
10,2,2.0,0,1,1.0,random
