node_id,removed,remaining,aG,e1_mult,e0_mult,CIS,strategy
11,1,11,0.77546617721373,4,1,2.5,random
8,2,10,0.7909180958612205,3,1,3.0,random
7,3,9,0.597872199448925,3,1,2.0,random
10,4,8,0.9999999999999998,4,1,2.0,random
1,5,7,0.9999999999999994,3,1,2.0,random
5,6,6,0.0,1,4,2.0,random
3,7,5,0.0,0,5,1.0,random
4,8,4,0.0,0,4,1.0,random
9,9,3,0.0,0,3,1.0,random
6,10,2,0.0,0,2,1.0,random
