node_id,removed,remaining,aG,e1_mult,e0_mult,CIS,strategy
4,1,11,0.77546617721373,4,1,2.5,random
8,2,10,0.7537190606358808,4,1,2.0,random
11,3,9,0.5581744446599217,4,1,1.0,random
10,4,8,0.5737703653359527,3,1,1.0,random
1,5,7,0.5961468705676678,2,1,1.0,random
7,6,6,0.0,1,4,2.0,random
2,7,5,0.0,0,4,1.0,random
9,8,4,0.0,0,3,1.0,random
5,9,3,0.0,0,2,1.0,random
6,10,2,0.0,0,2,1.0,random
