removed,remaining,aG,e1_mult,e0_mult,CIS,strategy
1,11,0.77546617721373,4,1,2.5,random
2,10,0.7909180958612188,3,1,3.0,random
3,9,0.811677776430145,2,1,3.0,random
4,8,0.841395125409828,1,1,3.0,random
5,7,0.6469991525487081,1,1,2.0,random
6,6,0.0,0,3,2.0,random
7,5,0.0,1,3,2.0,random
8,4,0.0,0,3,1.0,random
9,3,0.0,0,2,1.0,random
10,2,2.0,0,1,1.0,random
