node_id,removed,remaining,aG,e1_mult,e0_mult,CIS,strategy
8,1,8,0.7029294556367258,3,1,1.0,random
3,2,7,0.7269271369323331,2,1,1.0,random
6,3,6,0.76393202250021,1,1,1.0,random
1,4,5,0.5188056959079844,1,1,3.0,random
4,5,4,0.0,0,3,1.0,random
7,6,3,0.0,0,3,1.0,random
5,7,2,0.0,0,2,1.0,random
