removed,remaining,aG,e1_mult,e0_mult,CIS,strategy
1,8,0.7029294556367258,3,1,1.0,random
2,7,0.7269271369323326,2,1,1.0,random
3,6,0.7639320225002109,1,1,1.0,random
4,5,0.5188056959079849,1,1,3.0,random
5,4,0.0,0,3,1.0,random
6,3,0.0,0,2,1.0,random
7,2,0.0,0,2,1.0,random
