node_id,removed,remaining,aG,e1_mult,e0_mult,CIS,strategy,cumAUC_aG,cumAUC_e0_mult,cumAUC_e1_mult,cumAUC_CIS
4,1,8,0.7029294556367258,3,1,1.0,core influence,0.7029294556367258,1.0,3.0,1.0
5,2,7,0.9999999999999993,5,1,6.0,core influence,0.8514647278183626,1.0,4.0,3.5
6,3,6,1.0,4,1,5.0,core influence,0.9009764852122416,1.0,4.0,4.0
1,4,5,1.0,3,1,4.0,core influence,0.9257323639091812,1.0,3.75,4.0
8,5,4,0.0,0,4,1.0,core influence,0.740585891127345,1.6,3.0,3.4
2,6,3,0.0,0,3,1.0,core influence,0.6171549092727875,1.8333333333333333,2.5,3.0
3,7,2,0.0,0,2,1.0,core influence,0.5289899222338178,1.8571428571428572,2.142857142857143,2.7142857142857144
