graph,strategy,steps,AUC_aG,AUC_e0_mult,AUC_e1_mult,AUC_CIS,Delta_aG_vs_random,Delta_e0_mult_vs_random,Delta_e1_mult_vs_random,Delta_CIS_vs_random
pta,betweeness,60,0.00143,15.38333,1.7,1.45167,-0.00074,6.98333,-2.06667,-0.49798
pta,closeness,60,0.05143,8.11667,2.35,1.79222,0.04926,-0.28333,-1.41667,-0.15742
pta,core influence,60,0.00143,13.05,2.46667,1.70841,-0.00074,4.65,-1.3,-0.24123
pta,degree,60,0.00143,16.18333,1.68333,1.4698,-0.00074,7.78333,-2.08333,-0.47984
pta,random,60,0.00217,8.4,3.76667,1.94964,0.0,0.0,0.0,0.0
