graph,strategy,steps,AUC_aG,AUC_e0_mult,AUC_e1_mult,AUC_CIS,Delta_aG_vs_random,Delta_e0_mult_vs_random,Delta_e1_mult_vs_random,Delta_CIS_vs_random
pta,betweeness,60,0.00144,16.1,1.58333,1.38683,-0.00239,7.1,-0.48333,-0.76167
pta,closeness,60,0.0612,9.65,1.55,1.54817,0.05737,0.65,-0.51667,-0.60032
pta,core influence,60,0.00144,16.1,1.96667,1.37278,-0.00239,7.1,-0.1,-0.77571
pta,degree,60,0.00144,16.18333,1.68333,1.48171,-0.00239,7.18333,-0.38333,-0.66679
pta,random,60,0.00383,9.0,2.06667,2.14849,0.0,0.0,0.0,0.0
