graph,strategy,steps,AUC_aG,AUC_e0_mult,AUC_e1_mult,AUC_CIS,Delta_aG_vs_random,Delta_e0_mult_vs_random,Delta_e1_mult_vs_random,Delta_CIS_vs_random
pta,betweeness,60,0.00143,15.96667,1.56667,1.39484,-0.00193,5.7,-0.71667,-0.65944
pta,closeness,60,0.0612,9.4,1.6,1.60175,0.05783,-0.86667,-0.68333,-0.45254
pta,core influence,60,0.00143,14.65,2.13333,1.40663,-0.00193,4.38333,-0.15,-0.64766
pta,degree,60,0.00143,16.18333,1.68333,1.47694,-0.00193,5.91667,-0.6,-0.57734
pta,random,60,0.00337,10.26667,2.28333,2.05429,0.0,0.0,0.0,0.0
