graph,strategy,steps,AUC_aG,AUC_e0_mult,AUC_e1_mult,AUC_CIS,Delta_aG_vs_random,Delta_e0_mult_vs_random,Delta_e1_mult_vs_random,Delta_CIS_vs_random
pta,betweeness,60,0.00143,15.48333,1.86667,1.45468,-0.00767,11.25,-3.1,-0.90389
pta,closeness,60,0.0612,8.43333,2.48333,1.71718,0.05209,4.2,-2.48333,-0.64139
pta,core influence,60,0.00143,15.2,2.26667,1.45345,-0.00767,10.96667,-2.7,-0.90512
pta,degree,60,0.00143,16.18333,1.68333,1.47456,-0.00767,11.95,-3.28333,-0.88401
pta,random,60,0.0091,4.23333,4.96667,2.35857,0.0,0.0,0.0,0.0
