graph,strategy,steps,AUC_aG,AUC_e0_mult,AUC_e1_mult,AUC_CIS,Delta_aG_vs_random,Delta_e0_mult_vs_random,Delta_e1_mult_vs_random,Delta_CIS_vs_random
pta,betweeness,60,0.00193,14.68333,2.16667,1.55254,-0.00088,5.26667,-1.1,-0.37083
pta,closeness,60,0.00193,6.36667,1.93333,1.77254,-0.00088,-3.05,-1.33333,-0.15083
pta,core influence,60,0.00193,16.38333,2.08333,1.39671,-0.00088,6.96667,-1.18333,-0.52667
pta,degree,60,0.00193,16.25,1.85,1.50313,-0.00088,6.83333,-1.41667,-0.42024
pta,random,60,0.00281,9.41667,3.26667,1.92337,0.0,0.0,0.0,0.0
