graph,strategy,steps,AUC_aG,AUC_e0_mult,AUC_e1_mult,AUC_CIS,Delta_aG_vs_random,Delta_e0_mult_vs_random,Delta_e1_mult_vs_random,Delta_CIS_vs_random
pta,betweeness,60,0.0015,14.3,2.3,1.58794,-0.00318,5.33333,-1.18333,-0.45266
pta,closeness,60,0.03483,6.61667,2.2,1.73694,0.03015,-2.35,-1.28333,-0.30365
pta,core influence,60,0.0015,13.65,2.28333,1.61865,-0.00318,4.68333,-1.2,-0.42194
pta,degree,60,0.0015,16.1,1.83333,1.52849,-0.00318,7.13333,-1.65,-0.5121
pta,random,60,0.00468,8.96667,3.48333,2.0406,0.0,0.0,0.0,0.0
