graph,strategy,steps,AUC_aG,AUC_e0_mult,AUC_e1_mult,AUC_CIS,Delta_aG_vs_random,Delta_e0_mult_vs_random,Delta_e1_mult_vs_random,Delta_CIS_vs_random
pta,betweeness,60,0.00224,15.26667,1.83333,1.55512,-0.01399,5.18333,-0.5,-0.2802
pta,closeness,60,0.00224,6.53333,2.51667,1.9806,-0.01399,-3.55,0.18333,0.14528
pta,core influence,60,0.00224,15.68333,2.11667,1.79226,-0.01399,5.6,-0.21667,-0.04306
pta,degree,60,0.00224,16.55,1.58333,1.46063,-0.01399,6.46667,-0.75,-0.37468
pta,random,60,0.01623,10.08333,2.33333,1.83532,0.0,0.0,0.0,0.0
