graph,strategy,steps,AUC_aG,AUC_e0_mult,AUC_e1_mult,AUC_CIS,Delta_aG_vs_random,Delta_e0_mult_vs_random,Delta_e1_mult_vs_random,Delta_CIS_vs_random
els,betweeness,13,0.05601,6.0,0.61538,1.15385,0.0,2.61538,-1.07692,-0.73077
els,closeness,13,0.05601,6.0,0.61538,1.15385,0.0,2.61538,-1.07692,-0.73077
els,core influence,13,0.05601,5.23077,1.15385,1.53846,0.0,1.84615,-0.53846,-0.34615
els,degree,13,0.05601,6.0,0.61538,1.15385,0.0,2.61538,-1.07692,-0.73077
els,random,13,0.05601,3.38462,1.69231,1.88462,0.0,0.0,0.0,0.0
