graph,strategy,steps,AUC_aG,AUC_e0_mult,AUC_e1_mult,AUC_CIS,Delta_aG_vs_random,Delta_e0_mult_vs_random,Delta_e1_mult_vs_random,Delta_CIS_vs_random
els,betweeness,13,0.07692,6.0,0.69231,1.15385,-0.07692,1.69231,-0.61538,-0.29487
els,closeness,13,0.07692,6.0,0.69231,1.15385,-0.07692,1.69231,-0.61538,-0.29487
els,core influence,13,0.07692,5.84615,0.84615,1.19231,-0.07692,1.53846,-0.46154,-0.25641
els,degree,13,0.07692,6.0,0.69231,1.15385,-0.07692,1.69231,-0.61538,-0.29487
els,random,13,0.15385,4.30769,1.30769,1.44872,0.0,0.0,0.0,0.0
