graph,strategy,steps,AUC_aG,AUC_e0_mult,AUC_e1_mult,AUC_CIS,Delta_aG_vs_random,Delta_e0_mult_vs_random,Delta_e1_mult_vs_random,Delta_CIS_vs_random
els,betweeness,13,0.05857,6.0,0.61538,1.15385,-0.59555,4.46154,-0.61538,-0.60256
els,closeness,13,0.05857,6.0,0.61538,1.15385,-0.59555,4.46154,-0.61538,-0.60256
els,core influence,13,0.05857,5.69231,0.84615,1.26923,-0.59555,4.15385,-0.38462,-0.48718
els,degree,13,0.05857,6.0,0.61538,1.15385,-0.59555,4.46154,-0.61538,-0.60256
els,random,13,0.65412,1.53846,1.23077,1.75641,0.0,0.0,0.0,0.0
