graph,strategy,steps,AUC_aG,AUC_e0_mult,AUC_e1_mult,AUC_CIS,Delta_aG_vs_random,Delta_e0_mult_vs_random,Delta_e1_mult_vs_random,Delta_CIS_vs_random
vdp,betweeness,7,0.13799,3.28571,0.71429,2.0,-0.42857,1.42857,-1.14286,-1.14286
vdp,closeness,7,0.13799,3.28571,0.71429,2.0,-0.42857,1.42857,-1.14286,-1.14286
vdp,core influence,7,0.28085,3.14286,0.85714,2.14286,-0.28571,1.28571,-1.0,-1.0
vdp,degree,7,0.13799,3.28571,0.71429,2.0,-0.42857,1.42857,-1.14286,-1.14286
vdp,random,7,0.56657,1.85714,1.85714,3.14286,0.0,0.0,0.0,0.0
