graph,strategy,steps,AUC_aG,AUC_e0_mult,AUC_e1_mult,AUC_CIS,Delta_aG_vs_random,Delta_e0_mult_vs_random,Delta_e1_mult_vs_random,Delta_CIS_vs_random
vdp,betweeness,7,0.11967,3.57143,0.57143,1.42857,-0.33154,2.0,-0.28571,0.14286
vdp,closeness,7,0.11967,3.14286,0.71429,1.57143,-0.33154,1.57143,-0.14286,0.28571
vdp,core influence,7,0.26253,3.14286,1.0,1.85714,-0.18868,1.57143,0.14286,0.57143
vdp,degree,7,0.11967,3.57143,0.57143,1.42857,-0.33154,2.0,-0.28571,0.14286
vdp,random,7,0.45121,1.57143,0.85714,1.28571,0.0,0.0,0.0,0.0
