Node;Closeness Centrality
4;0.4375
2;0.5
3;0.5
7;0.5
8;0.5
5;0.5833333333333334
6;0.5833333333333334
1;0.875
