Node;Degree Centrality
2;0.14285714285714285
3;0.14285714285714285
7;0.14285714285714285
8;0.14285714285714285
4;0.2857142857142857
5;0.2857142857142857
6;0.2857142857142857
1;0.8571428571428571
