graph,strategy,steps,AUC_aG,AUC_e0_mult,AUC_e1_mult,AUC_CIS,Delta_aG_vs_random,Delta_e0_mult_vs_random,Delta_e1_mult_vs_random,Delta_CIS_vs_random
dur,betweeness,26,0.00846,9.19231,1.07692,1.59615,-0.02768,4.53846,-0.15385,-0.89744
dur,closeness,26,0.12384,5.80769,1.5,1.98718,0.0877,1.15385,0.26923,-0.50641
dur,core influence,26,0.00846,9.5,0.69231,1.4359,-0.02768,4.84615,-0.53846,-1.05769
dur,degree,26,0.00846,8.80769,1.11538,1.77564,-0.02768,4.15385,-0.11538,-0.71795
dur,random,26,0.03614,4.65385,1.23077,2.49359,0.0,0.0,0.0,0.0
