graph,strategy,steps,AUC_aG,AUC_e0_mult,AUC_e1_mult,AUC_CIS,Delta_aG_vs_random,Delta_e0_mult_vs_random,Delta_e1_mult_vs_random,Delta_CIS_vs_random
dur,betweeness,26,0.0084,9.23077,1.11538,1.53205,-0.05447,7.0,0.03846,-2.0641
dur,closeness,26,0.08532,6.46154,1.26923,1.75641,0.02245,4.23077,0.19231,-1.83974
dur,core influence,26,0.0084,9.34615,0.88462,1.55128,-0.05447,7.11538,-0.19231,-2.04487
dur,degree,26,0.0084,8.84615,1.15385,1.71154,-0.05447,6.61538,0.07692,-1.88462
dur,random,26,0.06287,2.23077,1.07692,3.59615,0.0,0.0,0.0,0.0
