graph,strategy,steps,AUC_aG,AUC_e0_mult,AUC_e1_mult,AUC_CIS,Delta_aG_vs_random,Delta_e0_mult_vs_random,Delta_e1_mult_vs_random,Delta_CIS_vs_random
dur,betweeness,26,0.01058,9.07692,1.11538,1.63462,-0.02206,5.11538,-0.11538,-0.59615
dur,closeness,26,0.12388,5.73077,1.53846,1.95513,0.09123,1.76923,0.30769,-0.27564
dur,core influence,26,0.00849,9.57692,0.73077,1.4359,-0.02415,5.61538,-0.5,-0.79487
dur,degree,26,0.00849,8.76923,1.11538,1.78846,-0.02415,4.80769,-0.11538,-0.44231
dur,random,26,0.03264,3.96154,1.23077,2.23077,0.0,0.0,0.0,0.0
