node,degree,closeness,betweenness,core_influence,deg_n,clo_n,bet_n,ci_n,agg_score
15,0.0625,0.372093,0.0,0.149071,0.0,0.048626,0.0,0.0,0.012156
17,0.0625,0.372093,0.0,0.149071,0.0,0.048626,0.0,0.0,0.012156
16,0.0625,0.372093,0.0,0.149071,0.0,0.048626,0.0,0.0,0.012156
