graph,strategy,steps,AUC_aG,AUC_e0_mult,AUC_e1_mult,AUC_CIS,Delta_aG_vs_random,Delta_e0_mult_vs_random,Delta_e1_mult_vs_random,Delta_CIS_vs_random
pta,betweeness,60,0.00094,14.13333,1.61667,1.43778,-0.00217,5.48333,-1.35,-0.61103
pta,closeness,60,0.05094,5.83333,1.25,1.56694,0.04783,-2.81667,-1.71667,-0.48187
pta,core influence,60,0.00094,12.81667,1.93333,1.61333,-0.00217,4.16667,-1.03333,-0.43548
pta,degree,60,0.00094,15.75,1.73333,1.45758,-0.00217,7.1,-1.23333,-0.59123
pta,random,60,0.00311,8.65,2.96667,2.04881,0.0,0.0,0.0,0.0
