graph,strategy,steps,AUC_aG,AUC_e0_mult,AUC_e1_mult,AUC_CIS,Delta_aG_vs_random,Delta_e0_mult_vs_random,Delta_e1_mult_vs_random,Delta_CIS_vs_random
dur,betweeness,26,0.01808,8.46154,0.53846,1.69231,-0.0842,4.73077,-0.61538,-1.21795
dur,closeness,26,0.01808,5.57692,0.5,2.21154,-0.0842,1.84615,-0.65385,-0.69872
dur,core influence,26,0.01808,9.34615,0.46154,1.44872,-0.0842,5.61538,-0.69231,-1.46154
dur,degree,26,0.01808,8.96154,0.65385,1.66346,-0.0842,5.23077,-0.5,-1.24679
dur,random,26,0.10228,3.73077,1.15385,2.91026,0.0,0.0,0.0,0.0
