graph,strategy,steps,AUC_aG,AUC_e0_mult,AUC_e1_mult,AUC_CIS,Delta_aG_vs_random,Delta_e0_mult_vs_random,Delta_e1_mult_vs_random,Delta_CIS_vs_random
dur,betweeness,26,0.02139,8.46154,0.65385,1.67949,-0.06523,3.46154,-1.23077,-0.82051
dur,closeness,26,0.02139,5.84615,0.57692,2.07692,-0.06523,0.84615,-1.30769,-0.42308
dur,core influence,26,0.02139,9.11538,0.46154,1.48718,-0.06523,4.11538,-1.42308,-1.01282
dur,degree,26,0.02139,9.03846,0.65385,1.57051,-0.06523,4.03846,-1.23077,-0.92949
dur,random,26,0.08663,5.0,1.88462,2.5,0.0,0.0,0.0,0.0
