graph,strategy,steps,AUC_aG,AUC_e0_mult,AUC_e1_mult,AUC_CIS,Delta_aG_vs_random,Delta_e0_mult_vs_random,Delta_e1_mult_vs_random,Delta_CIS_vs_random
dur,betweeness,26,0.01595,8.80769,1.03846,1.59615,-0.06579,5.42308,-3.30769,-1.44231
dur,closeness,26,0.01595,5.88462,0.76923,2.05769,-0.06579,2.5,-3.57692,-0.98077
dur,core influence,26,0.01595,9.61538,0.57692,1.41667,-0.06579,6.23077,-3.76923,-1.62179
dur,degree,26,0.01595,9.5,0.65385,1.46154,-0.06579,6.11538,-3.69231,-1.57692
dur,random,26,0.08174,3.38462,4.34615,3.03846,0.0,0.0,0.0,0.0
