graph,strategy,steps,AUC_aG,AUC_e0_mult,AUC_e1_mult,AUC_CIS,Delta_aG_vs_random,Delta_e0_mult_vs_random,Delta_e1_mult_vs_random,Delta_CIS_vs_random
pta,betweeness,60,0.00114,13.23333,1.58333,1.41615,-0.00243,8.58333,-1.51667,-0.98937
pta,closeness,60,0.00114,6.63333,1.5,1.48921,-0.00243,1.98333,-1.6,-0.91631
pta,core influence,60,0.00114,15.18333,1.33333,1.33222,-0.00243,10.53333,-1.76667,-1.07329
pta,degree,60,0.00114,14.85,1.81667,1.50409,-0.00243,10.2,-1.28333,-0.90143
pta,random,60,0.00357,4.65,3.1,2.40552,0.0,0.0,0.0,0.0
