graph,strategy,steps,AUC_aG,AUC_e0_mult,AUC_e1_mult,AUC_CIS,Delta_aG_vs_random,Delta_e0_mult_vs_random,Delta_e1_mult_vs_random,Delta_CIS_vs_random
pta,betweeness,60,0.00101,12.8,1.68333,1.42139,-0.00251,4.56667,-2.95,-0.77679
pta,closeness,60,0.06714,5.8,1.1,1.77306,0.06362,-2.43333,-3.53333,-0.42512
pta,core influence,60,0.00101,13.93333,2.48333,1.49917,-0.00251,5.7,-2.15,-0.69901
pta,degree,60,0.00101,14.75,1.81667,1.52583,-0.00251,6.51667,-2.81667,-0.67234
pta,random,60,0.00352,8.23333,4.63333,2.19817,0.0,0.0,0.0,0.0
