graph,strategy,steps,AUC_aG,AUC_e0_mult,AUC_e1_mult,AUC_CIS,Delta_aG_vs_random,Delta_e0_mult_vs_random,Delta_e1_mult_vs_random,Delta_CIS_vs_random
pta,betweeness,60,0.00101,13.18333,1.68333,1.40651,-0.00287,2.05,-0.28333,-0.22131
pta,closeness,60,0.03434,5.91667,1.3,1.68456,0.03047,-5.21667,-0.66667,0.05675
pta,core influence,60,0.00101,13.33333,1.91667,1.48369,-0.00287,2.2,-0.05,-0.14413
pta,degree,60,0.00101,15.35,1.76667,1.5202,-0.00287,4.21667,-0.2,-0.10762
pta,random,60,0.00387,11.13333,1.96667,1.62782,0.0,0.0,0.0,0.0
