graph,strategy,steps,AUC_aG,AUC_e0_mult,AUC_e1_mult,AUC_CIS,Delta_aG_vs_random,Delta_e0_mult_vs_random,Delta_e1_mult_vs_random,Delta_CIS_vs_random
dur,betweeness,26,0.00834,9.53846,0.92308,1.38462,-0.4445,8.19231,-4.11538,-1.64103
dur,closeness,26,0.14626,7.0,1.34615,1.63462,-0.30659,5.65385,-3.69231,-1.39103
dur,core influence,26,0.01091,9.34615,1.11538,1.42949,-0.44193,8.0,-3.92308,-1.59615
dur,degree,26,0.00834,9.19231,1.07692,1.55128,-0.4445,7.84615,-3.96154,-1.47436
dur,random,26,0.45285,1.34615,5.03846,3.02564,0.0,0.0,0.0,0.0
