graph,strategy,steps,AUC_aG,AUC_e0_mult,AUC_e1_mult,AUC_CIS,Delta_aG_vs_random,Delta_e0_mult_vs_random,Delta_e1_mult_vs_random,Delta_CIS_vs_random
dur,betweeness,26,0.00837,9.38462,1.03846,1.40385,-0.02528,4.53846,-0.73077,-0.99359
dur,closeness,26,0.14628,6.84615,1.46154,1.63462,0.11263,2.0,-0.30769,-0.76282
dur,core influence,26,0.00837,8.30769,1.26923,1.74359,-0.02528,3.46154,-0.5,-0.65385
dur,degree,26,0.00837,9.19231,1.07692,1.52564,-0.02528,4.34615,-0.69231,-0.87179
dur,random,26,0.03365,4.84615,1.76923,2.39744,0.0,0.0,0.0,0.0
