graph,strategy,steps,AUC_aG,AUC_e0_mult,AUC_e1_mult,AUC_CIS,Delta_aG_vs_random,Delta_e0_mult_vs_random,Delta_e1_mult_vs_random,Delta_CIS_vs_random
jnb,betweeness,31,0.00791,10.90323,0.80645,1.34409,-0.00933,5.32258,-1.87097,-0.91935
jnb,closeness,31,0.07242,7.80645,1.64516,1.66129,0.05519,2.22581,-1.03226,-0.60215
jnb,core influence,31,0.00791,11.09677,0.83871,1.47849,-0.00933,5.51613,-1.83871,-0.78495
jnb,degree,31,0.00791,10.64516,1.29032,1.73118,-0.00933,5.06452,-1.3871,-0.53226
jnb,random,31,0.01723,5.58065,2.67742,2.26344,0.0,0.0,0.0,0.0
