graph,strategy,steps,AUC_aG,AUC_e0_mult,AUC_e1_mult,AUC_CIS,Delta_aG_vs_random,Delta_e0_mult_vs_random,Delta_e1_mult_vs_random,Delta_CIS_vs_random
jnb,betweeness,31,0.00768,11.16129,0.58065,1.37634,-0.0,7.64516,-1.80645,-1.29032
jnb,closeness,31,0.0722,7.80645,1.41935,1.6129,0.06452,4.29032,-0.96774,-1.05376
jnb,core influence,31,0.00768,11.12903,1.16129,1.48925,-0.0,7.6129,-1.22581,-1.17742
jnb,degree,31,0.00768,11.0,1.19355,1.60215,-0.0,7.48387,-1.19355,-1.06452
jnb,random,31,0.00768,3.51613,2.3871,2.66667,0.0,0.0,0.0,0.0
