graph,strategy,steps,AUC_aG,AUC_e0_mult,AUC_e1_mult,AUC_CIS,Delta_aG_vs_random,Delta_e0_mult_vs_random,Delta_e1_mult_vs_random,Delta_CIS_vs_random
jnb,betweeness,31,0.00803,10.90323,0.77419,1.36022,-0.01619,6.90323,-2.48387,-1.51344
jnb,closeness,31,0.07255,7.67742,1.70968,1.69355,0.04833,3.67742,-1.54839,-1.18011
jnb,core influence,31,0.00803,11.0,0.90323,1.49462,-0.01619,7.0,-2.35484,-1.37903
jnb,degree,31,0.00803,10.48387,1.32258,1.76882,-0.01619,6.48387,-1.93548,-1.10484
jnb,random,31,0.02422,4.0,3.25806,2.87366,0.0,0.0,0.0,0.0
