graph,strategy,steps,AUC_aG,AUC_e0_mult,AUC_e1_mult,AUC_CIS,Delta_aG_vs_random,Delta_e0_mult_vs_random,Delta_e1_mult_vs_random,Delta_CIS_vs_random
dur,betweeness,26,0.01434,8.61538,0.92308,1.47756,-0.01425,5.07692,-0.96154,-0.57372
dur,closeness,26,0.01434,5.96154,1.15385,1.70192,-0.01425,2.42308,-0.73077,-0.34936
dur,core influence,26,0.01434,8.15385,0.92308,1.49038,-0.01425,4.61538,-0.96154,-0.5609
dur,degree,26,0.01434,9.03846,0.84615,1.47115,-0.01425,5.5,-1.03846,-0.58013
dur,random,26,0.02859,3.53846,1.88462,2.05128,0.0,0.0,0.0,0.0
