graph,strategy,steps,AUC_aG,AUC_e0_mult,AUC_e1_mult,AUC_CIS,Delta_aG_vs_random,Delta_e0_mult_vs_random,Delta_e1_mult_vs_random,Delta_CIS_vs_random
dur,betweeness,26,0.01102,9.03846,0.96154,1.44231,-0.00891,6.19231,-3.34615,-1.52564
dur,closeness,26,0.01102,6.73077,1.0,1.69231,-0.00891,3.88462,-3.30769,-1.27564
dur,core influence,26,0.01296,9.23077,1.38462,1.51282,-0.00697,6.38462,-2.92308,-1.45513
dur,degree,26,0.01102,9.53846,0.84615,1.42308,-0.00891,6.69231,-3.46154,-1.54487
dur,random,26,0.01993,2.84615,4.30769,2.96795,0.0,0.0,0.0,0.0
