graph,strategy,steps,AUC_aG,AUC_e0_mult,AUC_e1_mult,AUC_CIS,Delta_aG_vs_random,Delta_e0_mult_vs_random,Delta_e1_mult_vs_random,Delta_CIS_vs_random
dur,betweeness,26,0.01433,8.69231,1.0,1.45513,-0.1761,6.26923,-0.76923,-1.00641
dur,closeness,26,0.01433,6.07692,1.15385,1.69872,-0.1761,3.65385,-0.61538,-0.76282
dur,core influence,26,0.01433,8.69231,0.96154,1.52564,-0.1761,6.26923,-0.80769,-0.9359
dur,degree,26,0.01433,9.26923,0.73077,1.41026,-0.1761,6.84615,-1.03846,-1.05128
dur,random,26,0.19042,2.42308,1.76923,2.46154,0.0,0.0,0.0,0.0
