graph,strategy,steps,AUC_aG,AUC_e0_mult,AUC_e1_mult,AUC_CIS,Delta_aG_vs_random,Delta_e0_mult_vs_random,Delta_e1_mult_vs_random,Delta_CIS_vs_random
dur,betweeness,26,0.01176,8.96154,1.03846,1.5,-0.00196,5.96154,-2.38462,-0.33013
dur,closeness,26,0.01176,6.69231,1.07692,1.62821,-0.00196,3.69231,-2.34615,-0.20192
dur,core influence,26,0.01176,9.07692,0.84615,1.42308,-0.00196,6.07692,-2.57692,-0.40705
dur,degree,26,0.01176,9.38462,0.69231,1.39103,-0.00196,6.38462,-2.73077,-0.4391
dur,random,26,0.01372,3.0,3.42308,1.83013,0.0,0.0,0.0,0.0
