graph,strategy,steps,AUC_aG,AUC_e0_mult,AUC_e1_mult,AUC_CIS,Delta_aG_vs_random,Delta_e0_mult_vs_random,Delta_e1_mult_vs_random,Delta_CIS_vs_random
cpt,betweeness,68,0.00141,20.20588,1.97059,1.36439,-0.00432,6.60294,-3.38235,-0.63148
cpt,closeness,68,0.00829,10.45588,1.98529,1.88001,0.00256,-3.14706,-3.36765,-0.11586
cpt,core influence,68,0.00141,20.88235,2.94118,1.46394,-0.00432,7.27941,-2.41176,-0.53193
cpt,degree,68,0.00141,20.79412,2.85294,1.49268,-0.00432,7.19118,-2.5,-0.50319
cpt,random,68,0.00573,13.60294,5.35294,1.99587,0.0,0.0,0.0,0.0
