graph,strategy,steps,AUC_aG,AUC_e0_mult,AUC_e1_mult,AUC_CIS,Delta_aG_vs_random,Delta_e0_mult_vs_random,Delta_e1_mult_vs_random,Delta_CIS_vs_random
cpt,betweeness,68,0.00139,20.23529,1.98529,1.36141,-0.00404,9.23529,-1.82353,-0.78207
cpt,closeness,68,0.04551,10.48529,1.97059,1.67318,0.04008,-0.51471,-1.83824,-0.47031
cpt,core influence,68,0.00139,20.86765,2.91176,1.45844,-0.00404,9.86765,-0.89706,-0.68505
cpt,degree,68,0.00139,20.77941,2.52941,1.50543,-0.00404,9.77941,-1.27941,-0.63806
cpt,random,68,0.00543,11.0,3.80882,2.14349,0.0,0.0,0.0,0.0
