graph,strategy,steps,AUC_aG,AUC_e0_mult,AUC_e1_mult,AUC_CIS,Delta_aG_vs_random,Delta_e0_mult_vs_random,Delta_e1_mult_vs_random,Delta_CIS_vs_random
cpt,betweeness,68,0.00141,20.25,1.92647,1.36057,-0.0077,12.76471,-4.33824,-0.97861
cpt,closeness,68,0.03476,10.42647,1.77941,1.70067,0.02565,2.94118,-4.48529,-0.63852
cpt,core influence,68,0.00141,21.51471,2.63235,1.38638,-0.0077,14.02941,-3.63235,-0.9528
cpt,degree,68,0.00141,21.22059,2.67647,1.46106,-0.0077,13.73529,-3.58824,-0.87812
cpt,random,68,0.00911,7.48529,6.26471,2.33918,0.0,0.0,0.0,0.0
