Node;Closeness Centrality
CPT3-PE1;0.24800750117205814
BFN3-PE1;0.17811447811447811
DUR3-PE1;0.16890166028097064
CPT-GREYSS1-TSN463-DFA-PLN;0.16603892027620842
CPT1-IR1;0.16192225283134376
GRJ-TSN459-NMU-GC;0.16192225283134376
TENET-TSN470-DFA-WYN;0.16192225283134376
CPT2-PE1;0.16059502125075895
TERACO-TSN462-RDB;0.16059502125075895
PLZ1-PE1;0.16059502125075895
