graph,strategy,steps,AUC_aG,AUC_e0_mult,AUC_e1_mult,AUC_CIS,Delta_aG_vs_random,Delta_e0_mult_vs_random,Delta_e1_mult_vs_random,Delta_CIS_vs_random
cpt,betweeness,68,0.00115,21.20588,1.92647,1.38704,-0.0126,16.92647,-4.32353,-1.39695
cpt,closeness,68,0.00115,12.10294,2.05882,1.58536,-0.0126,7.82353,-4.19118,-1.19863
cpt,core influence,68,0.00115,19.70588,2.95588,1.64119,-0.0126,15.42647,-3.29412,-1.1428
cpt,degree,68,0.00115,21.39706,2.45588,1.46814,-0.0126,17.11765,-3.79412,-1.31586
cpt,random,68,0.01374,4.27941,6.25,2.784,0.0,0.0,0.0,0.0
