graph,strategy,steps,AUC_aG,AUC_e0_mult,AUC_e1_mult,AUC_CIS,Delta_aG_vs_random,Delta_e0_mult_vs_random,Delta_e1_mult_vs_random,Delta_CIS_vs_random
cpt,betweeness,68,0.00114,21.17647,1.86765,1.40749,-0.0081,14.38235,-3.25,-0.9416
cpt,closeness,68,0.00114,12.08824,2.13235,1.59377,-0.0081,5.29412,-2.98529,-0.75532
cpt,core influence,68,0.00114,20.07353,2.55882,1.5833,-0.0081,13.27941,-2.55882,-0.76579
cpt,degree,68,0.00114,21.39706,2.45588,1.46394,-0.0081,14.60294,-2.66176,-0.88515
cpt,random,68,0.00924,6.79412,5.11765,2.34909,0.0,0.0,0.0,0.0
