graph,strategy,steps,AUC_aG,AUC_e0_mult,AUC_e1_mult,AUC_CIS,Delta_aG_vs_random,Delta_e0_mult_vs_random,Delta_e1_mult_vs_random,Delta_CIS_vs_random
cpt,betweeness,68,0.00114,21.0,1.94118,1.38754,-0.00411,11.60294,-3.45588,-0.63379
cpt,closeness,68,0.00114,11.64706,2.38235,1.65084,-0.00411,2.25,-3.01471,-0.37048
cpt,core influence,68,0.00114,20.85294,2.54412,1.46647,-0.00411,11.45588,-2.85294,-0.55485
cpt,degree,68,0.00114,21.39706,2.45588,1.46183,-0.00411,12.0,-2.94118,-0.55949
cpt,random,68,0.00525,9.39706,5.39706,2.02132,0.0,0.0,0.0,0.0
