node_label,node_id,degree,closeness,betweenness,core_influence,deg_n,clo_n,bet_n,ci_n,agg_score,is_connecting_node
UTT,13,0.076923,0.393939,0.0,0.118678,0.0,0.0,0.0,0.0,0.0,True
BLOEM2,4,0.076923,0.40625,0.0,0.118678,0.0,0.0375,0.0,0.0,0.009375,True
BAAIIS,14,0.076923,0.40625,0.0,0.118678,0.0,0.0375,0.0,0.0,0.009375,False
BLOEM,2,0.076923,0.433333,0.0,0.118678,0.0,0.12,0.0,0.0,0.03,True
UTE-TSN12-WSU-B-PE,12,0.076923,0.433333,0.0,0.118678,0.0,0.12,0.0,0.0,0.03,False
PTD-TSN216-WSU-PTD-PE,11,0.076923,0.433333,0.0,0.118678,0.0,0.12,0.0,0.0,0.03,False
BIY-TSN65-UFH-BHISHO-PE,5,0.076923,0.433333,0.0,0.118678,0.0,0.12,0.0,0.0,0.03,False
