graph,strategy,steps,AUC_aG,AUC_e0_mult,AUC_e1_mult,AUC_CIS,Delta_aG_vs_random,Delta_e0_mult_vs_random,Delta_e1_mult_vs_random,Delta_CIS_vs_random
els,betweeness,13,0.04915,5.46154,0.76923,1.4359,-0.0,1.23077,-0.07692,-0.25641
els,closeness,13,0.04915,4.61538,0.92308,1.4359,-0.0,0.38462,0.07692,-0.25641
els,core influence,13,0.04915,5.46154,0.76923,1.4359,-0.0,1.23077,-0.07692,-0.25641
els,degree,13,0.04915,5.38462,0.76923,1.4359,-0.0,1.15385,-0.07692,-0.25641
els,random,13,0.04915,4.23077,0.84615,1.69231,0.0,0.0,0.0,0.0
