graph,strategy,steps,AUC_aG,AUC_e0_mult,AUC_e1_mult,AUC_CIS,Delta_aG_vs_random,Delta_e0_mult_vs_random,Delta_e1_mult_vs_random,Delta_CIS_vs_random
els,betweeness,13,0.04968,4.76923,0.69231,1.57692,-0.04487,2.07692,-0.61538,-0.66667
els,closeness,13,0.04968,4.38462,0.53846,1.5,-0.04487,1.69231,-0.76923,-0.74359
els,core influence,13,0.04968,4.15385,0.76923,1.5641,-0.04487,1.46154,-0.53846,-0.67949
els,degree,13,0.04968,4.76923,0.53846,1.5,-0.04487,2.07692,-0.76923,-0.74359
els,random,13,0.09455,2.69231,1.30769,2.24359,0.0,0.0,0.0,0.0
