graph,strategy,steps,AUC_aG,AUC_e0_mult,AUC_e1_mult,AUC_CIS,Delta_aG_vs_random,Delta_e0_mult_vs_random,Delta_e1_mult_vs_random,Delta_CIS_vs_random
els,betweeness,13,0.0476,5.69231,0.61538,1.26923,-0.18056,3.61538,-1.15385,-0.73077
els,closeness,13,0.0476,5.23077,0.61538,1.26923,-0.18056,3.15385,-1.15385,-0.73077
els,core influence,13,0.0476,5.30769,0.61538,1.26923,-0.18056,3.23077,-1.15385,-0.73077
els,degree,13,0.0476,5.38462,0.61538,1.26923,-0.18056,3.30769,-1.15385,-0.73077
els,random,13,0.22816,2.07692,1.76923,2.0,0.0,0.0,0.0,0.0
