graph,strategy,steps,AUC_aG,AUC_e0_mult,AUC_e1_mult,AUC_CIS,Delta_aG_vs_random,Delta_e0_mult_vs_random,Delta_e1_mult_vs_random,Delta_CIS_vs_random
els,betweeness,13,0.04968,5.23077,0.92308,1.53846,-0.09178,1.61538,0.15385,-0.53846
els,closeness,13,0.04968,4.53846,1.07692,1.53846,-0.09178,0.92308,0.30769,-0.53846
els,core influence,13,0.04968,5.23077,0.92308,1.53846,-0.09178,1.61538,0.15385,-0.53846
els,degree,13,0.04968,5.07692,0.92308,1.53846,-0.09178,1.46154,0.15385,-0.53846
els,random,13,0.14146,3.61538,0.76923,2.07692,0.0,0.0,0.0,0.0
