graph,strategy,steps,AUC_aG,AUC_e0_mult,AUC_e1_mult,AUC_CIS,Delta_aG_vs_random,Delta_e0_mult_vs_random,Delta_e1_mult_vs_random,Delta_CIS_vs_random
jnb,betweeness,31,0.01222,10.6129,0.67742,1.51882,0.0,3.29032,-2.12903,-0.72849
jnb,closeness,31,0.01222,6.64516,2.25806,1.55376,0.0,-0.67742,-0.54839,-0.69355
jnb,core influence,31,0.01222,11.41935,0.74194,1.53763,0.0,4.09677,-2.06452,-0.70968
jnb,degree,31,0.01222,10.83871,1.06452,1.80645,0.0,3.51613,-1.74194,-0.44086
jnb,random,31,0.01222,7.32258,2.80645,2.24731,0.0,0.0,0.0,0.0
