graph,strategy,steps,AUC_aG,AUC_e0_mult,AUC_e1_mult,AUC_CIS,Delta_aG_vs_random,Delta_e0_mult_vs_random,Delta_e1_mult_vs_random,Delta_CIS_vs_random
jnb,betweeness,31,0.01217,10.70968,0.67742,1.48387,-0.12654,8.29032,-1.74194,-1.75269
jnb,closeness,31,0.01217,6.87097,1.83871,1.63172,-0.12654,4.45161,-0.58065,-1.60484
jnb,core influence,31,0.01217,11.64516,0.64516,1.5457,-0.12654,9.22581,-1.77419,-1.69086
jnb,degree,31,0.01217,11.03226,1.0,1.76613,-0.12654,8.6129,-1.41935,-1.47043
jnb,random,31,0.13871,2.41935,2.41935,3.23656,0.0,0.0,0.0,0.0
