graph,strategy,steps,AUC_aG,AUC_e0_mult,AUC_e1_mult,AUC_CIS,Delta_aG_vs_random,Delta_e0_mult_vs_random,Delta_e1_mult_vs_random,Delta_CIS_vs_random
jnb,betweeness,31,0.01222,10.22581,0.58065,1.47581,-0.01231,6.09677,-0.77419,-1.18548
jnb,closeness,31,0.01222,6.83871,1.77419,1.6586,-0.01231,2.70968,0.41935,-1.00269
jnb,core influence,31,0.01222,10.41935,0.93548,1.61022,-0.01231,6.29032,-0.41935,-1.05108
jnb,degree,31,0.01222,10.3871,0.96774,1.73387,-0.01231,6.25806,-0.3871,-0.92742
jnb,random,31,0.02453,4.12903,1.35484,2.66129,0.0,0.0,0.0,0.0
