graph,strategy,steps,AUC_aG,AUC_e0_mult,AUC_e1_mult,AUC_CIS,Delta_aG_vs_random,Delta_e0_mult_vs_random,Delta_e1_mult_vs_random,Delta_CIS_vs_random
jnb,betweeness,31,0.012,10.70968,0.74194,1.52151,-0.06309,5.80645,-2.83871,-1.00806
jnb,closeness,31,0.012,7.16129,1.32258,1.52151,-0.06309,2.25806,-2.25806,-1.00806
jnb,core influence,31,0.012,11.19355,0.96774,1.5457,-0.06309,6.29032,-2.6129,-0.98387
jnb,degree,31,0.012,11.22581,0.93548,1.69892,-0.06309,6.32258,-2.64516,-0.83065
jnb,random,31,0.07509,4.90323,3.58065,2.52957,0.0,0.0,0.0,0.0
