graph,strategy,steps,AUC_aG,AUC_e0_mult,AUC_e1_mult,AUC_CIS,Delta_aG_vs_random,Delta_e0_mult_vs_random,Delta_e1_mult_vs_random,Delta_CIS_vs_random
jnb,betweeness,31,0.01086,10.80645,0.54839,1.46237,-0.06452,7.67742,-3.70968,-0.63978
jnb,closeness,31,0.01086,7.48387,1.12903,1.60753,-0.06452,4.35484,-3.12903,-0.49462
jnb,core influence,31,0.01086,10.93548,1.22581,1.63441,-0.06452,7.80645,-3.03226,-0.46774
jnb,degree,31,0.01086,11.41935,0.83871,1.63978,-0.06452,8.29032,-3.41935,-0.46237
jnb,random,31,0.07537,3.12903,4.25806,2.10215,0.0,0.0,0.0,0.0
