graph,strategy,steps,AUC_aG,AUC_e0_mult,AUC_e1_mult,AUC_CIS,Delta_aG_vs_random,Delta_e0_mult_vs_random,Delta_e1_mult_vs_random,Delta_CIS_vs_random
isis-links.json,betweeness,279,0.00063,64.34409,8.79211,1.46272,-0.00172,43.06452,-4.16129,-0.70567
isis-links.json,closeness,279,0.00063,24.5914,7.46953,1.79647,-0.00172,3.31183,-5.48387,-0.37192
isis-links.json,core influence,279,0.00113,67.05018,9.01075,1.53622,-0.00123,45.77061,-3.94265,-0.63218
isis-links.json,degree,279,0.00063,72.39785,7.28674,1.3889,-0.00172,51.11828,-5.66667,-0.7795
isis-links.json,random,279,0.00235,21.27957,12.95341,2.16839,0.0,0.0,0.0,0.0
