graph,strategy,steps,AUC_aG,AUC_e0_mult,AUC_e1_mult,AUC_CIS,Delta_aG_vs_random,Delta_e0_mult_vs_random,Delta_e1_mult_vs_random,Delta_CIS_vs_random
isis-links.json,betweeness,279,0.00035,70.64875,7.51971,1.32424,-0.00376,41.24014,-5.49462,-0.58471
isis-links.json,closeness,279,0.00035,33.12545,7.98208,1.67187,-0.00376,3.71685,-5.03226,-0.23708
isis-links.json,core influence,279,0.00065,68.98208,9.56272,1.52524,-0.00346,39.57348,-3.45161,-0.38371
isis-links.json,degree,279,0.00035,75.83871,8.05735,1.34405,-0.00376,46.43011,-4.95699,-0.5649
isis-links.json,random,279,0.0041,29.4086,13.01434,1.90895,0.0,0.0,0.0,0.0
