graph,strategy,steps,AUC_aG,AUC_e0_mult,AUC_e1_mult,AUC_CIS,Delta_aG_vs_random,Delta_e0_mult_vs_random,Delta_e1_mult_vs_random,Delta_CIS_vs_random
vdp,betweeness,7,0.13627,2.42857,0.57143,1.85714,-0.88378,1.42857,0.28571,-0.28571
vdp,closeness,7,0.13627,2.42857,0.57143,1.85714,-0.88378,1.42857,0.28571,-0.28571
vdp,core influence,7,0.13627,2.57143,0.57143,1.85714,-0.88378,1.57143,0.28571,-0.28571
vdp,degree,7,0.13627,2.85714,0.42857,1.71429,-0.88378,1.85714,0.14286,-0.42857
vdp,random,7,1.02005,1.0,0.28571,2.14286,0.0,0.0,0.0,0.0
