graph,strategy,steps,AUC_aG,AUC_e0_mult,AUC_e1_mult,AUC_CIS,Delta_aG_vs_random,Delta_e0_mult_vs_random,Delta_e1_mult_vs_random,Delta_CIS_vs_random
jnb,betweeness,31,0.01023,11.67742,0.54839,1.31183,-0.03191,8.25806,-3.22581,-0.62634
jnb,closeness,31,0.01023,9.22581,1.45161,1.54839,-0.03191,5.80645,-2.32258,-0.38978
jnb,core influence,31,0.01023,9.41935,2.64516,1.30914,-0.03191,6.0,-1.12903,-0.62903
jnb,degree,31,0.01023,11.29032,1.03226,1.52151,-0.03191,7.87097,-2.74194,-0.41667
jnb,random,31,0.04214,3.41935,3.77419,1.93817,0.0,0.0,0.0,0.0
