graph,strategy,steps,AUC_aG,AUC_e0_mult,AUC_e1_mult,AUC_CIS,Delta_aG_vs_random,Delta_e0_mult_vs_random,Delta_e1_mult_vs_random,Delta_CIS_vs_random
jnb,betweeness,31,0.00965,11.67742,0.54839,1.40054,0.0,5.6129,-1.25806,-1.98118
jnb,closeness,31,0.00965,9.41935,1.58065,1.70699,0.0,3.35484,-0.22581,-1.67473
jnb,core influence,31,0.00965,11.16129,1.70968,1.70699,0.0,5.09677,-0.09677,-1.67473
jnb,degree,31,0.00965,11.35484,1.06452,1.59946,0.0,5.29032,-0.74194,-1.78226
jnb,random,31,0.00965,6.06452,1.80645,3.38172,0.0,0.0,0.0,0.0
